"","Feedingtype","Predatorlifestage","Location","Regressionslope","Regressionintercept","R2","Fvalue","pvalue"
"1","insectivorous","adult","Andaman Sea (West of South Thailand)","NA","NA","NA","NA","NA"
"2","insectivorous","adult","Antarctic Peninsula","NA","NA","NA","NA","NA"
"3","insectivorous","adult","Apalachicola Bay, Florida","NA","NA","NA","NA","NA"
"4","insectivorous","adult","Atlantic Ocean","NA","NA","NA","NA","NA"
"5","insectivorous","adult","Cape Cod Bay, Gulf of Maine, New England","NA","NA","NA","NA","NA"
"6","insectivorous","adult","Catalan Sea","NA","NA","NA","NA","NA"
"7","insectivorous","adult","Crooked Island Sound, Florida","NA","NA","NA","NA","NA"
"8","insectivorous","adult","Eastern Mediterranean","NA","NA","NA","NA","NA"
"9","insectivorous","adult","Europe, Celtic Sea ecosystem","NA","NA","NA","NA","NA"
"10","insectivorous","adult","French Polynesian EEZ","NA","NA","NA","NA","NA"
"11","insectivorous","adult","Great Channel South, Gulf of Maine, New England","NA","NA","NA","NA","NA"
"12","insectivorous","adult","Great South Bay, Long Island, New York","NA","NA","NA","NA","NA"
"13","insectivorous","adult","Greenland","NA","NA","NA","NA","NA"
"14","insectivorous","adult","Gulf of Alaska","NA","NA","NA","NA","NA"
"15","insectivorous","adult","Gulf of Maine, New England","NA","NA","NA","NA","NA"
"16","insectivorous","adult","Jeffreys Ledge, Gulf of Maine, New England","NA","NA","NA","NA","NA"
"17","insectivorous","adult","Mid Atlantic","NA","NA","NA","NA","NA"
"18","insectivorous","adult","NE North Sea and Skaggerak","NA","NA","NA","NA","NA"
"19","insectivorous","adult","Off the Bay of Biscay","NA","NA","NA","NA","NA"
"20","insectivorous","adult","Oxwich Bay, Wales","NA","NA","NA","NA","NA"
"21","insectivorous","adult","South of Marthas Vineyard, New England","NA","NA","NA","NA","NA"
"22","insectivorous","adult","Stellwagen Bank, Gulf of Maine, New England","NA","NA","NA","NA","NA"
"23","insectivorous","adult","Strait of Georgia","NA","NA","NA","NA","NA"
"24","insectivorous","adult","W Greenland","NA","NA","NA","NA","NA"
"25","insectivorous","adult","Western North Pacific","NA","NA","NA","NA","NA"
"26","insectivorous","juvenile","Andaman Sea (West of South Thailand)","NA","NA","NA","NA","NA"
"27","insectivorous","juvenile","Antarctic Peninsula","NA","NA","NA","NA","NA"
"28","insectivorous","juvenile","Apalachicola Bay, Florida","NA","NA","NA","NA","NA"
"29","insectivorous","juvenile","Atlantic Ocean","NA","NA","NA","NA","NA"
"30","insectivorous","juvenile","Cape Cod Bay, Gulf of Maine, New England","NA","NA","NA","NA","NA"
"31","insectivorous","juvenile","Catalan Sea","NA","NA","NA","NA","NA"
"32","insectivorous","juvenile","Crooked Island Sound, Florida","NA","NA","NA","NA","NA"
"33","insectivorous","juvenile","Eastern Mediterranean","NA","NA","NA","NA","NA"
"34","insectivorous","juvenile","Europe, Celtic Sea ecosystem","NA","NA","NA","NA","NA"
"35","insectivorous","juvenile","French Polynesian EEZ","NA","NA","NA","NA","NA"
"36","insectivorous","juvenile","Great Channel South, Gulf of Maine, New England","NA","NA","NA","NA","NA"
"37","insectivorous","juvenile","Great South Bay, Long Island, New York","NA","NA","NA","NA","NA"
"38","insectivorous","juvenile","Greenland","NA","NA","NA","NA","NA"
"39","insectivorous","juvenile","Gulf of Alaska","NA","NA","NA","NA","NA"
"40","insectivorous","juvenile","Gulf of Maine, New England","NA","NA","NA","NA","NA"
"41","insectivorous","juvenile","Jeffreys Ledge, Gulf of Maine, New England","NA","NA","NA","NA","NA"
"42","insectivorous","juvenile","Mid Atlantic","NA","NA","NA","NA","NA"
"43","insectivorous","juvenile","NE North Sea and Skaggerak","NA","NA","NA","NA","NA"
"44","insectivorous","juvenile","Off the Bay of Biscay","NA","NA","NA","NA","NA"
"45","insectivorous","juvenile","Oxwich Bay, Wales","NA","NA","NA","NA","NA"
"46","insectivorous","juvenile","South of Marthas Vineyard, New England","NA","NA","NA","NA","NA"
"47","insectivorous","juvenile","Stellwagen Bank, Gulf of Maine, New England","NA","NA","NA","NA","NA"
"48","insectivorous","juvenile","Strait of Georgia","NA","NA","NA","NA","NA"
"49","insectivorous","juvenile","W Greenland","NA","NA","NA","NA","NA"
"50","insectivorous","juvenile","Western North Pacific","NA","NA","NA","NA","NA"
"51","insectivorous","larva","Andaman Sea (West of South Thailand)","NA","NA","NA","NA","NA"
"52","insectivorous","larva","Antarctic Peninsula","NA","NA","NA","NA","NA"
"53","insectivorous","larva","Apalachicola Bay, Florida","NA","NA","NA","NA","NA"
"54","insectivorous","larva","Atlantic Ocean","NA","NA","NA","NA","NA"
"55","insectivorous","larva","Cape Cod Bay, Gulf of Maine, New England","NA","NA","NA","NA","NA"
"56","insectivorous","larva","Catalan Sea","NA","NA","NA","NA","NA"
"57","insectivorous","larva","Crooked Island Sound, Florida","NA","NA","NA","NA","NA"
"58","insectivorous","larva","Eastern Mediterranean","NA","NA","NA","NA","NA"
"59","insectivorous","larva","Europe, Celtic Sea ecosystem","NA","NA","NA","NA","NA"
"60","insectivorous","larva","French Polynesian EEZ","NA","NA","NA","NA","NA"
"61","insectivorous","larva","Great Channel South, Gulf of Maine, New England","NA","NA","NA","NA","NA"
"62","insectivorous","larva","Great South Bay, Long Island, New York","NA","NA","NA","NA","NA"
"63","insectivorous","larva","Greenland","NA","NA","NA","NA","NA"
"64","insectivorous","larva","Gulf of Alaska","NA","NA","NA","NA","NA"
"65","insectivorous","larva","Gulf of Maine, New England","NA","NA","NA","NA","NA"
"66","insectivorous","larva","Jeffreys Ledge, Gulf of Maine, New England","NA","NA","NA","NA","NA"
"67","insectivorous","larva","Mid Atlantic","NA","NA","NA","NA","NA"
"68","insectivorous","larva","NE North Sea and Skaggerak","NA","NA","NA","NA","NA"
"69","insectivorous","larva","Off the Bay of Biscay","NA","NA","NA","NA","NA"
"70","insectivorous","larva","Oxwich Bay, Wales","NA","NA","NA","NA","NA"
"71","insectivorous","larva","South of Marthas Vineyard, New England","NA","NA","NA","NA","NA"
"72","insectivorous","larva","Stellwagen Bank, Gulf of Maine, New England","NA","NA","NA","NA","NA"
"73","insectivorous","larva","Strait of Georgia","NA","NA","NA","NA","NA"
"74","insectivorous","larva","W Greenland","NA","NA","NA","NA","NA"
"75","insectivorous","larva","Western North Pacific","NA","NA","NA","NA","NA"
"76","insectivorous","larva / juvenile","Andaman Sea (West of South Thailand)","NA","NA","NA","NA","NA"
"77","insectivorous","larva / juvenile","Antarctic Peninsula","NA","NA","NA","NA","NA"
"78","insectivorous","larva / juvenile","Apalachicola Bay, Florida","NA","NA","NA","NA","NA"
"79","insectivorous","larva / juvenile","Atlantic Ocean","NA","NA","NA","NA","NA"
"80","insectivorous","larva / juvenile","Cape Cod Bay, Gulf of Maine, New England","NA","NA","NA","NA","NA"
"81","insectivorous","larva / juvenile","Catalan Sea","NA","NA","NA","NA","NA"
"82","insectivorous","larva / juvenile","Crooked Island Sound, Florida","NA","NA","NA","NA","NA"
"83","insectivorous","larva / juvenile","Eastern Mediterranean","NA","NA","NA","NA","NA"
"84","insectivorous","larva / juvenile","Europe, Celtic Sea ecosystem","NA","NA","NA","NA","NA"
"85","insectivorous","larva / juvenile","French Polynesian EEZ","NA","NA","NA","NA","NA"
"86","insectivorous","larva / juvenile","Great Channel South, Gulf of Maine, New England","NA","NA","NA","NA","NA"
"87","insectivorous","larva / juvenile","Great South Bay, Long Island, New York","NA","NA","NA","NA","NA"
"88","insectivorous","larva / juvenile","Greenland","NA","NA","NA","NA","NA"
"89","insectivorous","larva / juvenile","Gulf of Alaska","NA","NA","NA","NA","NA"
"90","insectivorous","larva / juvenile","Gulf of Maine, New England","NA","NA","NA","NA","NA"
"91","insectivorous","larva / juvenile","Jeffreys Ledge, Gulf of Maine, New England","NA","NA","NA","NA","NA"
"92","insectivorous","larva / juvenile","Mid Atlantic","NA","NA","NA","NA","NA"
"93","insectivorous","larva / juvenile","NE North Sea and Skaggerak","NA","NA","NA","NA","NA"
"94","insectivorous","larva / juvenile","Off the Bay of Biscay","NA","NA","NA","NA","NA"
"95","insectivorous","larva / juvenile","Oxwich Bay, Wales","NA","NA","NA","NA","NA"
"96","insectivorous","larva / juvenile","South of Marthas Vineyard, New England","NA","NA","NA","NA","NA"
"97","insectivorous","larva / juvenile","Stellwagen Bank, Gulf of Maine, New England","NA","NA","NA","NA","NA"
"98","insectivorous","larva / juvenile","Strait of Georgia","0.946030011005037","0.384249046154572","0.125577629410638","4.3083628793485","0.0465944025225441"
"99","insectivorous","larva / juvenile","W Greenland","NA","NA","NA","NA","NA"
"100","insectivorous","larva / juvenile","Western North Pacific","NA","NA","NA","NA","NA"
"101","insectivorous","postlarva","Andaman Sea (West of South Thailand)","NA","NA","NA","NA","NA"
"102","insectivorous","postlarva","Antarctic Peninsula","NA","NA","NA","NA","NA"
"103","insectivorous","postlarva","Apalachicola Bay, Florida","NA","NA","NA","NA","NA"
"104","insectivorous","postlarva","Atlantic Ocean","NA","NA","NA","NA","NA"
"105","insectivorous","postlarva","Cape Cod Bay, Gulf of Maine, New England","NA","NA","NA","NA","NA"
"106","insectivorous","postlarva","Catalan Sea","NA","NA","NA","NA","NA"
"107","insectivorous","postlarva","Crooked Island Sound, Florida","NA","NA","NA","NA","NA"
"108","insectivorous","postlarva","Eastern Mediterranean","NA","NA","NA","NA","NA"
"109","insectivorous","postlarva","Europe, Celtic Sea ecosystem","NA","NA","NA","NA","NA"
"110","insectivorous","postlarva","French Polynesian EEZ","NA","NA","NA","NA","NA"
"111","insectivorous","postlarva","Great Channel South, Gulf of Maine, New England","NA","NA","NA","NA","NA"
"112","insectivorous","postlarva","Great South Bay, Long Island, New York","NA","NA","NA","NA","NA"
"113","insectivorous","postlarva","Greenland","NA","NA","NA","NA","NA"
"114","insectivorous","postlarva","Gulf of Alaska","NA","NA","NA","NA","NA"
"115","insectivorous","postlarva","Gulf of Maine, New England","NA","NA","NA","NA","NA"
"116","insectivorous","postlarva","Jeffreys Ledge, Gulf of Maine, New England","NA","NA","NA","NA","NA"
"117","insectivorous","postlarva","Mid Atlantic","NA","NA","NA","NA","NA"
"118","insectivorous","postlarva","NE North Sea and Skaggerak","NA","NA","NA","NA","NA"
"119","insectivorous","postlarva","Off the Bay of Biscay","NA","NA","NA","NA","NA"
"120","insectivorous","postlarva","Oxwich Bay, Wales","NA","NA","NA","NA","NA"
"121","insectivorous","postlarva","South of Marthas Vineyard, New England","NA","NA","NA","NA","NA"
"122","insectivorous","postlarva","Stellwagen Bank, Gulf of Maine, New England","NA","NA","NA","NA","NA"
"123","insectivorous","postlarva","Strait of Georgia","NA","NA","NA","NA","NA"
"124","insectivorous","postlarva","W Greenland","NA","NA","NA","NA","NA"
"125","insectivorous","postlarva","Western North Pacific","NA","NA","NA","NA","NA"
"126","insectivorous","postlarva/juvenile","Andaman Sea (West of South Thailand)","NA","NA","NA","NA","NA"
"127","insectivorous","postlarva/juvenile","Antarctic Peninsula","NA","NA","NA","NA","NA"
"128","insectivorous","postlarva/juvenile","Apalachicola Bay, Florida","NA","NA","NA","NA","NA"
"129","insectivorous","postlarva/juvenile","Atlantic Ocean","NA","NA","NA","NA","NA"
"130","insectivorous","postlarva/juvenile","Cape Cod Bay, Gulf of Maine, New England","NA","NA","NA","NA","NA"
"131","insectivorous","postlarva/juvenile","Catalan Sea","NA","NA","NA","NA","NA"
"132","insectivorous","postlarva/juvenile","Crooked Island Sound, Florida","NA","NA","NA","NA","NA"
"133","insectivorous","postlarva/juvenile","Eastern Mediterranean","NA","NA","NA","NA","NA"
"134","insectivorous","postlarva/juvenile","Europe, Celtic Sea ecosystem","NA","NA","NA","NA","NA"
"135","insectivorous","postlarva/juvenile","French Polynesian EEZ","NA","NA","NA","NA","NA"
"136","insectivorous","postlarva/juvenile","Great Channel South, Gulf of Maine, New England","NA","NA","NA","NA","NA"
"137","insectivorous","postlarva/juvenile","Great South Bay, Long Island, New York","NA","NA","NA","NA","NA"
"138","insectivorous","postlarva/juvenile","Greenland","NA","NA","NA","NA","NA"
"139","insectivorous","postlarva/juvenile","Gulf of Alaska","NA","NA","NA","NA","NA"
"140","insectivorous","postlarva/juvenile","Gulf of Maine, New England","NA","NA","NA","NA","NA"
"141","insectivorous","postlarva/juvenile","Jeffreys Ledge, Gulf of Maine, New England","NA","NA","NA","NA","NA"
"142","insectivorous","postlarva/juvenile","Mid Atlantic","NA","NA","NA","NA","NA"
"143","insectivorous","postlarva/juvenile","NE North Sea and Skaggerak","NA","NA","NA","NA","NA"
"144","insectivorous","postlarva/juvenile","Off the Bay of Biscay","NA","NA","NA","NA","NA"
"145","insectivorous","postlarva/juvenile","Oxwich Bay, Wales","NA","NA","NA","NA","NA"
"146","insectivorous","postlarva/juvenile","South of Marthas Vineyard, New England","NA","NA","NA","NA","NA"
"147","insectivorous","postlarva/juvenile","Stellwagen Bank, Gulf of Maine, New England","NA","NA","NA","NA","NA"
"148","insectivorous","postlarva/juvenile","Strait of Georgia","NA","NA","NA","NA","NA"
"149","insectivorous","postlarva/juvenile","W Greenland","NA","NA","NA","NA","NA"
"150","insectivorous","postlarva/juvenile","Western North Pacific","NA","NA","NA","NA","NA"
"151","piscivorous","adult","Andaman Sea (West of South Thailand)","NA","NA","NA","NA","NA"
"152","piscivorous","adult","Antarctic Peninsula","NA","NA","NA","NA","NA"
"153","piscivorous","adult","Apalachicola Bay, Florida","6.96676095437558","0.315601167257104","0.13840835729043","13.4939818773465","0.000420131370657502"
"154","piscivorous","adult","Atlantic Ocean","6.29080531131297","0.260141577182126","0.167648928394049","2213.9660580383","0"
"155","piscivorous","adult","Cape Cod Bay, Gulf of Maine, New England","12.3638007966521","-0.00075571948748518","1.05682888325711e-05","0.000739788036573623","0.9783783713188"
"156","piscivorous","adult","Catalan Sea","NA","NA","NA","NA","NA"
"157","piscivorous","adult","Crooked Island Sound, Florida","NA","NA","NA","NA","NA"
"158","piscivorous","adult","Eastern Mediterranean","2.84395790386421","0.652009130082474","0.621375968997542","205.142805962542","3.90742334690279e-28"
"159","piscivorous","adult","Europe, Celtic Sea ecosystem","5.1972808252112","0.446320367632756","0.360856572626597","1179.43695879791","2.57239252512457e-205"
"160","piscivorous","adult","French Polynesian EEZ","9.80728447063054","-0.00344440892783732","0.000137077297159918","0.257603552962265","0.611830912872727"
"161","piscivorous","adult","Great Channel South, Gulf of Maine, New England","10.77512339479","0.275645033772453","0.236407118878563","224.458825408693","2.09079088296548e-44"
"162","piscivorous","adult","Great South Bay, Long Island, New York","3.04781706869486","0.381984962733834","0.268430572529679","108.242657392169","8.43412441946392e-22"
"163","piscivorous","adult","Greenland","NA","NA","NA","NA","NA"
"164","piscivorous","adult","Gulf of Alaska","NA","NA","NA","NA","NA"
"165","piscivorous","adult","Gulf of Maine, New England","12.140634178118","0.0637787507225829","0.0036989019587081","0.293298135786887","0.589638854188326"
"166","piscivorous","adult","Jeffreys Ledge, Gulf of Maine, New England","11.3795272341053","0.107808454068971","0.0955172500566953","40.8688565638849","4.69052308104256e-10"
"167","piscivorous","adult","Mid Atlantic","4.15309731870386","0.102300793203792","0.0484716094614918","3.71867778814919","0.0576960215780974"
"168","piscivorous","adult","NE North Sea and Skaggerak","NA","NA","NA","NA","NA"
"169","piscivorous","adult","Off the Bay of Biscay","10.6433842999675","0.192985490250415","0.142626808084678","59.2217533239131","1.39971967104614e-13"
"170","piscivorous","adult","Oxwich Bay, Wales","NA","NA","NA","NA","NA"
"171","piscivorous","adult","South of Marthas Vineyard, New England","9.90592950591141","0.486799091516026","0.136288598876772","2.20911797828935","0.159367429953626"
"172","piscivorous","adult","Stellwagen Bank, Gulf of Maine, New England","11.7923413214185","0.108492499541345","0.0385393345397022","20.2024121275006","8.65041891346358e-06"
"173","piscivorous","adult","Strait of Georgia","NA","NA","NA","NA","NA"
"174","piscivorous","adult","W Greenland","NA","NA","NA","NA","NA"
"175","piscivorous","adult","Western North Pacific","NA","NA","NA","NA","NA"
"176","piscivorous","juvenile","Andaman Sea (West of South Thailand)","NA","NA","NA","NA","NA"
"177","piscivorous","juvenile","Antarctic Peninsula","NA","NA","NA","NA","NA"
"178","piscivorous","juvenile","Apalachicola Bay, Florida","7.61765814929771","0.255431068910441","0.0622128331867773","1.7911809368762","0.191944478653282"
"179","piscivorous","juvenile","Atlantic Ocean","NA","NA","NA","NA","NA"
"180","piscivorous","juvenile","Cape Cod Bay, Gulf of Maine, New England","NA","NA","NA","NA","NA"
"181","piscivorous","juvenile","Catalan Sea","NA","NA","NA","NA","NA"
"182","piscivorous","juvenile","Crooked Island Sound, Florida","NA","NA","NA","NA","NA"
"183","piscivorous","juvenile","Eastern Mediterranean","NA","NA","NA","NA","NA"
"184","piscivorous","juvenile","Europe, Celtic Sea ecosystem","NA","NA","NA","NA","NA"
"185","piscivorous","juvenile","French Polynesian EEZ","NA","NA","NA","NA","NA"
"186","piscivorous","juvenile","Great Channel South, Gulf of Maine, New England","NA","NA","NA","NA","NA"
"187","piscivorous","juvenile","Great South Bay, Long Island, New York","NA","NA","NA","NA","NA"
"188","piscivorous","juvenile","Greenland","NA","NA","NA","NA","NA"
"189","piscivorous","juvenile","Gulf of Alaska","NA","NA","NA","NA","NA"
"190","piscivorous","juvenile","Gulf of Maine, New England","NA","NA","NA","NA","NA"
"191","piscivorous","juvenile","Jeffreys Ledge, Gulf of Maine, New England","NA","NA","NA","NA","NA"
"192","piscivorous","juvenile","Mid Atlantic","NA","NA","NA","NA","NA"
"193","piscivorous","juvenile","NE North Sea and Skaggerak","NA","NA","NA","NA","NA"
"194","piscivorous","juvenile","Off the Bay of Biscay","8.62335338724499","3.02617565393957e-14","0.499986237162604","2976.83611664329","6.58962714844975e-06"
"195","piscivorous","juvenile","Oxwich Bay, Wales","NA","NA","NA","NA","NA"
"196","piscivorous","juvenile","South of Marthas Vineyard, New England","NA","NA","NA","NA","NA"
"197","piscivorous","juvenile","Stellwagen Bank, Gulf of Maine, New England","NA","NA","NA","NA","NA"
"198","piscivorous","juvenile","Strait of Georgia","NA","NA","NA","NA","NA"
"199","piscivorous","juvenile","W Greenland","1.27848314402828","0.709121551017255","0.620397726006059","31.0523872001443","2.25023100017498e-05"
"200","piscivorous","juvenile","Western North Pacific","NA","NA","NA","NA","NA"
"201","piscivorous","larva","Andaman Sea (West of South Thailand)","NA","NA","NA","NA","NA"
"202","piscivorous","larva","Antarctic Peninsula","NA","NA","NA","NA","NA"
"203","piscivorous","larva","Apalachicola Bay, Florida","NA","NA","NA","NA","NA"
"204","piscivorous","larva","Atlantic Ocean","NA","NA","NA","NA","NA"
"205","piscivorous","larva","Cape Cod Bay, Gulf of Maine, New England","NA","NA","NA","NA","NA"
"206","piscivorous","larva","Catalan Sea","NA","NA","NA","NA","NA"
"207","piscivorous","larva","Crooked Island Sound, Florida","NA","NA","NA","NA","NA"
"208","piscivorous","larva","Eastern Mediterranean","NA","NA","NA","NA","NA"
"209","piscivorous","larva","Europe, Celtic Sea ecosystem","NA","NA","NA","NA","NA"
"210","piscivorous","larva","French Polynesian EEZ","NA","NA","NA","NA","NA"
"211","piscivorous","larva","Great Channel South, Gulf of Maine, New England","NA","NA","NA","NA","NA"
"212","piscivorous","larva","Great South Bay, Long Island, New York","NA","NA","NA","NA","NA"
"213","piscivorous","larva","Greenland","NA","NA","NA","NA","NA"
"214","piscivorous","larva","Gulf of Alaska","NA","NA","NA","NA","NA"
"215","piscivorous","larva","Gulf of Maine, New England","NA","NA","NA","NA","NA"
"216","piscivorous","larva","Jeffreys Ledge, Gulf of Maine, New England","NA","NA","NA","NA","NA"
"217","piscivorous","larva","Mid Atlantic","NA","NA","NA","NA","NA"
"218","piscivorous","larva","NE North Sea and Skaggerak","NA","NA","NA","NA","NA"
"219","piscivorous","larva","Off the Bay of Biscay","NA","NA","NA","NA","NA"
"220","piscivorous","larva","Oxwich Bay, Wales","NA","NA","NA","NA","NA"
"221","piscivorous","larva","South of Marthas Vineyard, New England","NA","NA","NA","NA","NA"
"222","piscivorous","larva","Stellwagen Bank, Gulf of Maine, New England","NA","NA","NA","NA","NA"
"223","piscivorous","larva","Strait of Georgia","NA","NA","NA","NA","NA"
"224","piscivorous","larva","W Greenland","NA","NA","NA","NA","NA"
"225","piscivorous","larva","Western North Pacific","NA","NA","NA","NA","NA"
"226","piscivorous","larva / juvenile","Andaman Sea (West of South Thailand)","NA","NA","NA","NA","NA"
"227","piscivorous","larva / juvenile","Antarctic Peninsula","NA","NA","NA","NA","NA"
"228","piscivorous","larva / juvenile","Apalachicola Bay, Florida","NA","NA","NA","NA","NA"
"229","piscivorous","larva / juvenile","Atlantic Ocean","NA","NA","NA","NA","NA"
"230","piscivorous","larva / juvenile","Cape Cod Bay, Gulf of Maine, New England","NA","NA","NA","NA","NA"
"231","piscivorous","larva / juvenile","Catalan Sea","NA","NA","NA","NA","NA"
"232","piscivorous","larva / juvenile","Crooked Island Sound, Florida","NA","NA","NA","NA","NA"
"233","piscivorous","larva / juvenile","Eastern Mediterranean","NA","NA","NA","NA","NA"
"234","piscivorous","larva / juvenile","Europe, Celtic Sea ecosystem","NA","NA","NA","NA","NA"
"235","piscivorous","larva / juvenile","French Polynesian EEZ","NA","NA","NA","NA","NA"
"236","piscivorous","larva / juvenile","Great Channel South, Gulf of Maine, New England","NA","NA","NA","NA","NA"
"237","piscivorous","larva / juvenile","Great South Bay, Long Island, New York","NA","NA","NA","NA","NA"
"238","piscivorous","larva / juvenile","Greenland","NA","NA","NA","NA","NA"
"239","piscivorous","larva / juvenile","Gulf of Alaska","NA","NA","NA","NA","NA"
"240","piscivorous","larva / juvenile","Gulf of Maine, New England","NA","NA","NA","NA","NA"
"241","piscivorous","larva / juvenile","Jeffreys Ledge, Gulf of Maine, New England","NA","NA","NA","NA","NA"
"242","piscivorous","larva / juvenile","Mid Atlantic","NA","NA","NA","NA","NA"
"243","piscivorous","larva / juvenile","NE North Sea and Skaggerak","NA","NA","NA","NA","NA"
"244","piscivorous","larva / juvenile","Off the Bay of Biscay","NA","NA","NA","NA","NA"
"245","piscivorous","larva / juvenile","Oxwich Bay, Wales","NA","NA","NA","NA","NA"
"246","piscivorous","larva / juvenile","South of Marthas Vineyard, New England","NA","NA","NA","NA","NA"
"247","piscivorous","larva / juvenile","Stellwagen Bank, Gulf of Maine, New England","NA","NA","NA","NA","NA"
"248","piscivorous","larva / juvenile","Strait of Georgia","4.96732009411791","0.652630804441673","0.502262057547569","9.08180416316188","0.0146301686798566"
"249","piscivorous","larva / juvenile","W Greenland","NA","NA","NA","NA","NA"
"250","piscivorous","larva / juvenile","Western North Pacific","NA","NA","NA","NA","NA"
"251","piscivorous","postlarva","Andaman Sea (West of South Thailand)","NA","NA","NA","NA","NA"
"252","piscivorous","postlarva","Antarctic Peninsula","-2.52746573405741","0.106773528674382","0.0389698693052271","1.25705314524184","0.270820006991041"
"253","piscivorous","postlarva","Apalachicola Bay, Florida","NA","NA","NA","NA","NA"
"254","piscivorous","postlarva","Atlantic Ocean","NA","NA","NA","NA","NA"
"255","piscivorous","postlarva","Cape Cod Bay, Gulf of Maine, New England","NA","NA","NA","NA","NA"
"256","piscivorous","postlarva","Catalan Sea","NA","NA","NA","NA","NA"
"257","piscivorous","postlarva","Crooked Island Sound, Florida","NA","NA","NA","NA","NA"
"258","piscivorous","postlarva","Eastern Mediterranean","NA","NA","NA","NA","NA"
"259","piscivorous","postlarva","Europe, Celtic Sea ecosystem","NA","NA","NA","NA","NA"
"260","piscivorous","postlarva","French Polynesian EEZ","NA","NA","NA","NA","NA"
"261","piscivorous","postlarva","Great Channel South, Gulf of Maine, New England","NA","NA","NA","NA","NA"
"262","piscivorous","postlarva","Great South Bay, Long Island, New York","NA","NA","NA","NA","NA"
"263","piscivorous","postlarva","Greenland","NA","NA","NA","NA","NA"
"264","piscivorous","postlarva","Gulf of Alaska","NA","NA","NA","NA","NA"
"265","piscivorous","postlarva","Gulf of Maine, New England","NA","NA","NA","NA","NA"
"266","piscivorous","postlarva","Jeffreys Ledge, Gulf of Maine, New England","NA","NA","NA","NA","NA"
"267","piscivorous","postlarva","Mid Atlantic","NA","NA","NA","NA","NA"
"268","piscivorous","postlarva","NE North Sea and Skaggerak","NA","NA","NA","NA","NA"
"269","piscivorous","postlarva","Off the Bay of Biscay","NA","NA","NA","NA","NA"
"270","piscivorous","postlarva","Oxwich Bay, Wales","NA","NA","NA","NA","NA"
"271","piscivorous","postlarva","South of Marthas Vineyard, New England","NA","NA","NA","NA","NA"
"272","piscivorous","postlarva","Stellwagen Bank, Gulf of Maine, New England","NA","NA","NA","NA","NA"
"273","piscivorous","postlarva","Strait of Georgia","NA","NA","NA","NA","NA"
"274","piscivorous","postlarva","W Greenland","NA","NA","NA","NA","NA"
"275","piscivorous","postlarva","Western North Pacific","NA","NA","NA","NA","NA"
"276","piscivorous","postlarva/juvenile","Andaman Sea (West of South Thailand)","NA","NA","NA","NA","NA"
"277","piscivorous","postlarva/juvenile","Antarctic Peninsula","NA","NA","NA","NA","NA"
"278","piscivorous","postlarva/juvenile","Apalachicola Bay, Florida","NA","NA","NA","NA","NA"
"279","piscivorous","postlarva/juvenile","Atlantic Ocean","NA","NA","NA","NA","NA"
"280","piscivorous","postlarva/juvenile","Cape Cod Bay, Gulf of Maine, New England","NA","NA","NA","NA","NA"
"281","piscivorous","postlarva/juvenile","Catalan Sea","NA","NA","NA","NA","NA"
"282","piscivorous","postlarva/juvenile","Crooked Island Sound, Florida","NA","NA","NA","NA","NA"
"283","piscivorous","postlarva/juvenile","Eastern Mediterranean","NA","NA","NA","NA","NA"
"284","piscivorous","postlarva/juvenile","Europe, Celtic Sea ecosystem","NA","NA","NA","NA","NA"
"285","piscivorous","postlarva/juvenile","French Polynesian EEZ","NA","NA","NA","NA","NA"
"286","piscivorous","postlarva/juvenile","Great Channel South, Gulf of Maine, New England","NA","NA","NA","NA","NA"
"287","piscivorous","postlarva/juvenile","Great South Bay, Long Island, New York","NA","NA","NA","NA","NA"
"288","piscivorous","postlarva/juvenile","Greenland","NA","NA","NA","NA","NA"
"289","piscivorous","postlarva/juvenile","Gulf of Alaska","NA","NA","NA","NA","NA"
"290","piscivorous","postlarva/juvenile","Gulf of Maine, New England","NA","NA","NA","NA","NA"
"291","piscivorous","postlarva/juvenile","Jeffreys Ledge, Gulf of Maine, New England","NA","NA","NA","NA","NA"
"292","piscivorous","postlarva/juvenile","Mid Atlantic","NA","NA","NA","NA","NA"
"293","piscivorous","postlarva/juvenile","NE North Sea and Skaggerak","NA","NA","NA","NA","NA"
"294","piscivorous","postlarva/juvenile","Off the Bay of Biscay","NA","NA","NA","NA","NA"
"295","piscivorous","postlarva/juvenile","Oxwich Bay, Wales","NA","NA","NA","NA","NA"
"296","piscivorous","postlarva/juvenile","South of Marthas Vineyard, New England","NA","NA","NA","NA","NA"
"297","piscivorous","postlarva/juvenile","Stellwagen Bank, Gulf of Maine, New England","NA","NA","NA","NA","NA"
"298","piscivorous","postlarva/juvenile","Strait of Georgia","NA","NA","NA","NA","NA"
"299","piscivorous","postlarva/juvenile","W Greenland","NA","NA","NA","NA","NA"
"300","piscivorous","postlarva/juvenile","Western North Pacific","NA","NA","NA","NA","NA"
"301","planktivorous","adult","Andaman Sea (West of South Thailand)","NA","NA","NA","NA","NA"
"302","planktivorous","adult","Antarctic Peninsula","NA","NA","NA","NA","NA"
"303","planktivorous","adult","Apalachicola Bay, Florida","NA","NA","NA","NA","NA"
"304","planktivorous","adult","Atlantic Ocean","NA","NA","NA","NA","NA"
"305","planktivorous","adult","Cape Cod Bay, Gulf of Maine, New England","NA","NA","NA","NA","NA"
"306","planktivorous","adult","Catalan Sea","NA","NA","NA","NA","NA"
"307","planktivorous","adult","Crooked Island Sound, Florida","NA","NA","NA","NA","NA"
"308","planktivorous","adult","Eastern Mediterranean","1.5578783039798","-0.188526023745904","0.00077796106926157","0.0140142017500866","0.907076397953721"
"309","planktivorous","adult","Europe, Celtic Sea ecosystem","NA","NA","NA","NA","NA"
"310","planktivorous","adult","French Polynesian EEZ","10.2425928591287","0.0631832278723198","0.0480008709870067","6.85727355759357","0.00982944116500029"
"311","planktivorous","adult","Great Channel South, Gulf of Maine, New England","NA","NA","NA","NA","NA"
"312","planktivorous","adult","Great South Bay, Long Island, New York","NA","NA","NA","NA","NA"
"313","planktivorous","adult","Greenland","NA","NA","NA","NA","NA"
"314","planktivorous","adult","Gulf of Alaska","NA","NA","NA","NA","NA"
"315","planktivorous","adult","Gulf of Maine, New England","NA","NA","NA","NA","NA"
"316","planktivorous","adult","Jeffreys Ledge, Gulf of Maine, New England","NA","NA","NA","NA","NA"
"317","planktivorous","adult","Mid Atlantic","NA","NA","NA","NA","NA"
"318","planktivorous","adult","NE North Sea and Skaggerak","NA","NA","NA","NA","NA"
"319","planktivorous","adult","Off the Bay of Biscay","NA","NA","NA","NA","NA"
"320","planktivorous","adult","Oxwich Bay, Wales","NA","NA","NA","NA","NA"
"321","planktivorous","adult","South of Marthas Vineyard, New England","NA","NA","NA","NA","NA"
"322","planktivorous","adult","Stellwagen Bank, Gulf of Maine, New England","NA","NA","NA","NA","NA"
"323","planktivorous","adult","Strait of Georgia","NA","NA","NA","NA","NA"
"324","planktivorous","adult","W Greenland","NA","NA","NA","NA","NA"
"325","planktivorous","adult","Western North Pacific","NA","NA","NA","NA","NA"
"326","planktivorous","juvenile","Andaman Sea (West of South Thailand)","NA","NA","NA","NA","NA"
"327","planktivorous","juvenile","Antarctic Peninsula","NA","NA","NA","NA","NA"
"328","planktivorous","juvenile","Apalachicola Bay, Florida","NA","NA","NA","NA","NA"
"329","planktivorous","juvenile","Atlantic Ocean","NA","NA","NA","NA","NA"
"330","planktivorous","juvenile","Cape Cod Bay, Gulf of Maine, New England","NA","NA","NA","NA","NA"
"331","planktivorous","juvenile","Catalan Sea","NA","NA","NA","NA","NA"
"332","planktivorous","juvenile","Crooked Island Sound, Florida","NA","NA","NA","NA","NA"
"333","planktivorous","juvenile","Eastern Mediterranean","NA","NA","NA","NA","NA"
"334","planktivorous","juvenile","Europe, Celtic Sea ecosystem","NA","NA","NA","NA","NA"
"335","planktivorous","juvenile","French Polynesian EEZ","NA","NA","NA","NA","NA"
"336","planktivorous","juvenile","Great Channel South, Gulf of Maine, New England","NA","NA","NA","NA","NA"
"337","planktivorous","juvenile","Great South Bay, Long Island, New York","NA","NA","NA","NA","NA"
"338","planktivorous","juvenile","Greenland","NA","NA","NA","NA","NA"
"339","planktivorous","juvenile","Gulf of Alaska","NA","NA","NA","NA","NA"
"340","planktivorous","juvenile","Gulf of Maine, New England","NA","NA","NA","NA","NA"
"341","planktivorous","juvenile","Jeffreys Ledge, Gulf of Maine, New England","NA","NA","NA","NA","NA"
"342","planktivorous","juvenile","Mid Atlantic","NA","NA","NA","NA","NA"
"343","planktivorous","juvenile","NE North Sea and Skaggerak","NA","NA","NA","NA","NA"
"344","planktivorous","juvenile","Off the Bay of Biscay","NA","NA","NA","NA","NA"
"345","planktivorous","juvenile","Oxwich Bay, Wales","NA","NA","NA","NA","NA"
"346","planktivorous","juvenile","South of Marthas Vineyard, New England","NA","NA","NA","NA","NA"
"347","planktivorous","juvenile","Stellwagen Bank, Gulf of Maine, New England","NA","NA","NA","NA","NA"
"348","planktivorous","juvenile","Strait of Georgia","NA","NA","NA","NA","NA"
"349","planktivorous","juvenile","W Greenland","NA","NA","NA","NA","NA"
"350","planktivorous","juvenile","Western North Pacific","NA","NA","NA","NA","NA"
"351","planktivorous","larva","Andaman Sea (West of South Thailand)","NA","NA","NA","NA","NA"
"352","planktivorous","larva","Antarctic Peninsula","11.1598881317021","1.0207753817686","0.330043815585915","156.165271662108","2.07689904819009e-29"
"353","planktivorous","larva","Apalachicola Bay, Florida","NA","NA","NA","NA","NA"
"354","planktivorous","larva","Atlantic Ocean","NA","NA","NA","NA","NA"
"355","planktivorous","larva","Cape Cod Bay, Gulf of Maine, New England","NA","NA","NA","NA","NA"
"356","planktivorous","larva","Catalan Sea","-2.19426552537672","0.257653872395839","0.280072857461197","170.005867925651","4.70821273070676e-33"
"357","planktivorous","larva","Crooked Island Sound, Florida","NA","NA","NA","NA","NA"
"358","planktivorous","larva","Eastern Mediterranean","NA","NA","NA","NA","NA"
"359","planktivorous","larva","Europe, Celtic Sea ecosystem","NA","NA","NA","NA","NA"
"360","planktivorous","larva","French Polynesian EEZ","NA","NA","NA","NA","NA"
"361","planktivorous","larva","Great Channel South, Gulf of Maine, New England","NA","NA","NA","NA","NA"
"362","planktivorous","larva","Great South Bay, Long Island, New York","NA","NA","NA","NA","NA"
"363","planktivorous","larva","Greenland","-3.83868606682441","0.258813702633504","0.0982205090743173","5.11917156349851","0.0283256454055264"
"364","planktivorous","larva","Gulf of Alaska","NA","NA","NA","NA","NA"
"365","planktivorous","larva","Gulf of Maine, New England","NA","NA","NA","NA","NA"
"366","planktivorous","larva","Jeffreys Ledge, Gulf of Maine, New England","NA","NA","NA","NA","NA"
"367","planktivorous","larva","Mid Atlantic","NA","NA","NA","NA","NA"
"368","planktivorous","larva","NE North Sea and Skaggerak","NA","NA","NA","NA","NA"
"369","planktivorous","larva","Off the Bay of Biscay","NA","NA","NA","NA","NA"
"370","planktivorous","larva","Oxwich Bay, Wales","NA","NA","NA","NA","NA"
"371","planktivorous","larva","South of Marthas Vineyard, New England","NA","NA","NA","NA","NA"
"372","planktivorous","larva","Stellwagen Bank, Gulf of Maine, New England","NA","NA","NA","NA","NA"
"373","planktivorous","larva","Strait of Georgia","NA","NA","NA","NA","NA"
"374","planktivorous","larva","W Greenland","NA","NA","NA","NA","NA"
"375","planktivorous","larva","Western North Pacific","-3.44871842565978","0.161010317505003","0.0857054685549205","20.2477216817684","1.11138645151141e-05"
"376","planktivorous","larva / juvenile","Andaman Sea (West of South Thailand)","NA","NA","NA","NA","NA"
"377","planktivorous","larva / juvenile","Antarctic Peninsula","NA","NA","NA","NA","NA"
"378","planktivorous","larva / juvenile","Apalachicola Bay, Florida","NA","NA","NA","NA","NA"
"379","planktivorous","larva / juvenile","Atlantic Ocean","NA","NA","NA","NA","NA"
"380","planktivorous","larva / juvenile","Cape Cod Bay, Gulf of Maine, New England","NA","NA","NA","NA","NA"
"381","planktivorous","larva / juvenile","Catalan Sea","NA","NA","NA","NA","NA"
"382","planktivorous","larva / juvenile","Crooked Island Sound, Florida","NA","NA","NA","NA","NA"
"383","planktivorous","larva / juvenile","Eastern Mediterranean","NA","NA","NA","NA","NA"
"384","planktivorous","larva / juvenile","Europe, Celtic Sea ecosystem","NA","NA","NA","NA","NA"
"385","planktivorous","larva / juvenile","French Polynesian EEZ","NA","NA","NA","NA","NA"
"386","planktivorous","larva / juvenile","Great Channel South, Gulf of Maine, New England","NA","NA","NA","NA","NA"
"387","planktivorous","larva / juvenile","Great South Bay, Long Island, New York","NA","NA","NA","NA","NA"
"388","planktivorous","larva / juvenile","Greenland","NA","NA","NA","NA","NA"
"389","planktivorous","larva / juvenile","Gulf of Alaska","NA","NA","NA","NA","NA"
"390","planktivorous","larva / juvenile","Gulf of Maine, New England","NA","NA","NA","NA","NA"
"391","planktivorous","larva / juvenile","Jeffreys Ledge, Gulf of Maine, New England","NA","NA","NA","NA","NA"
"392","planktivorous","larva / juvenile","Mid Atlantic","NA","NA","NA","NA","NA"
"393","planktivorous","larva / juvenile","NE North Sea and Skaggerak","NA","NA","NA","NA","NA"
"394","planktivorous","larva / juvenile","Off the Bay of Biscay","NA","NA","NA","NA","NA"
"395","planktivorous","larva / juvenile","Oxwich Bay, Wales","NA","NA","NA","NA","NA"
"396","planktivorous","larva / juvenile","South of Marthas Vineyard, New England","NA","NA","NA","NA","NA"
"397","planktivorous","larva / juvenile","Stellwagen Bank, Gulf of Maine, New England","NA","NA","NA","NA","NA"
"398","planktivorous","larva / juvenile","Strait of Georgia","5.08312949598501","0.537539976546299","0.2383099678989","36.918661170477","1.55071505486178e-08"
"399","planktivorous","larva / juvenile","W Greenland","NA","NA","NA","NA","NA"
"400","planktivorous","larva / juvenile","Western North Pacific","NA","NA","NA","NA","NA"
"401","planktivorous","postlarva","Andaman Sea (West of South Thailand)","NA","NA","NA","NA","NA"
"402","planktivorous","postlarva","Antarctic Peninsula","NA","NA","NA","NA","NA"
"403","planktivorous","postlarva","Apalachicola Bay, Florida","NA","NA","NA","NA","NA"
"404","planktivorous","postlarva","Atlantic Ocean","NA","NA","NA","NA","NA"
"405","planktivorous","postlarva","Cape Cod Bay, Gulf of Maine, New England","NA","NA","NA","NA","NA"
"406","planktivorous","postlarva","Catalan Sea","NA","NA","NA","NA","NA"
"407","planktivorous","postlarva","Crooked Island Sound, Florida","NA","NA","NA","NA","NA"
"408","planktivorous","postlarva","Eastern Mediterranean","NA","NA","NA","NA","NA"
"409","planktivorous","postlarva","Europe, Celtic Sea ecosystem","NA","NA","NA","NA","NA"
"410","planktivorous","postlarva","French Polynesian EEZ","NA","NA","NA","NA","NA"
"411","planktivorous","postlarva","Great Channel South, Gulf of Maine, New England","NA","NA","NA","NA","NA"
"412","planktivorous","postlarva","Great South Bay, Long Island, New York","NA","NA","NA","NA","NA"
"413","planktivorous","postlarva","Greenland","NA","NA","NA","NA","NA"
"414","planktivorous","postlarva","Gulf of Alaska","NA","NA","NA","NA","NA"
"415","planktivorous","postlarva","Gulf of Maine, New England","NA","NA","NA","NA","NA"
"416","planktivorous","postlarva","Jeffreys Ledge, Gulf of Maine, New England","NA","NA","NA","NA","NA"
"417","planktivorous","postlarva","Mid Atlantic","NA","NA","NA","NA","NA"
"418","planktivorous","postlarva","NE North Sea and Skaggerak","NA","NA","NA","NA","NA"
"419","planktivorous","postlarva","Off the Bay of Biscay","NA","NA","NA","NA","NA"
"420","planktivorous","postlarva","Oxwich Bay, Wales","NA","NA","NA","NA","NA"
"421","planktivorous","postlarva","South of Marthas Vineyard, New England","NA","NA","NA","NA","NA"
"422","planktivorous","postlarva","Stellwagen Bank, Gulf of Maine, New England","NA","NA","NA","NA","NA"
"423","planktivorous","postlarva","Strait of Georgia","NA","NA","NA","NA","NA"
"424","planktivorous","postlarva","W Greenland","NA","NA","NA","NA","NA"
"425","planktivorous","postlarva","Western North Pacific","NA","NA","NA","NA","NA"
"426","planktivorous","postlarva/juvenile","Andaman Sea (West of South Thailand)","NA","NA","NA","NA","NA"
"427","planktivorous","postlarva/juvenile","Antarctic Peninsula","6.81310614810303","0.675479706794872","0.231238785388307","78.8080363840131","1.10590667174295e-16"
"428","planktivorous","postlarva/juvenile","Apalachicola Bay, Florida","NA","NA","NA","NA","NA"
"429","planktivorous","postlarva/juvenile","Atlantic Ocean","NA","NA","NA","NA","NA"
"430","planktivorous","postlarva/juvenile","Cape Cod Bay, Gulf of Maine, New England","NA","NA","NA","NA","NA"
"431","planktivorous","postlarva/juvenile","Catalan Sea","NA","NA","NA","NA","NA"
"432","planktivorous","postlarva/juvenile","Crooked Island Sound, Florida","NA","NA","NA","NA","NA"
"433","planktivorous","postlarva/juvenile","Eastern Mediterranean","NA","NA","NA","NA","NA"
"434","planktivorous","postlarva/juvenile","Europe, Celtic Sea ecosystem","NA","NA","NA","NA","NA"
"435","planktivorous","postlarva/juvenile","French Polynesian EEZ","NA","NA","NA","NA","NA"
"436","planktivorous","postlarva/juvenile","Great Channel South, Gulf of Maine, New England","NA","NA","NA","NA","NA"
"437","planktivorous","postlarva/juvenile","Great South Bay, Long Island, New York","NA","NA","NA","NA","NA"
"438","planktivorous","postlarva/juvenile","Greenland","NA","NA","NA","NA","NA"
"439","planktivorous","postlarva/juvenile","Gulf of Alaska","NA","NA","NA","NA","NA"
"440","planktivorous","postlarva/juvenile","Gulf of Maine, New England","NA","NA","NA","NA","NA"
"441","planktivorous","postlarva/juvenile","Jeffreys Ledge, Gulf of Maine, New England","NA","NA","NA","NA","NA"
"442","planktivorous","postlarva/juvenile","Mid Atlantic","NA","NA","NA","NA","NA"
"443","planktivorous","postlarva/juvenile","NE North Sea and Skaggerak","NA","NA","NA","NA","NA"
"444","planktivorous","postlarva/juvenile","Off the Bay of Biscay","NA","NA","NA","NA","NA"
"445","planktivorous","postlarva/juvenile","Oxwich Bay, Wales","NA","NA","NA","NA","NA"
"446","planktivorous","postlarva/juvenile","South of Marthas Vineyard, New England","NA","NA","NA","NA","NA"
"447","planktivorous","postlarva/juvenile","Stellwagen Bank, Gulf of Maine, New England","NA","NA","NA","NA","NA"
"448","planktivorous","postlarva/juvenile","Strait of Georgia","NA","NA","NA","NA","NA"
"449","planktivorous","postlarva/juvenile","W Greenland","NA","NA","NA","NA","NA"
"450","planktivorous","postlarva/juvenile","Western North Pacific","NA","NA","NA","NA","NA"
"451","predacious","adult","Andaman Sea (West of South Thailand)","NA","NA","NA","NA","NA"
"452","predacious","adult","Antarctic Peninsula","NA","NA","NA","NA","NA"
"453","predacious","adult","Apalachicola Bay, Florida","NA","NA","NA","NA","NA"
"454","predacious","adult","Atlantic Ocean","6.89914238491718","0.20589271769404","0.168513283612109","1031.15969277666","3.52233438036028e-206"
"455","predacious","adult","Cape Cod Bay, Gulf of Maine, New England","12.667694092929","0.0294846614061538","0.0302655879145218","0.436942554087641","0.519332318863778"
"456","predacious","adult","Catalan Sea","NA","NA","NA","NA","NA"
"457","predacious","adult","Crooked Island Sound, Florida","NA","NA","NA","NA","NA"
"458","predacious","adult","Eastern Mediterranean","1.77465298135465","0.171119695188261","0.0232312986385009","5.18487447041862","0.0237546050509434"
"459","predacious","adult","Europe, Celtic Sea ecosystem","NA","NA","NA","NA","NA"
"460","predacious","adult","French Polynesian EEZ","9.75686769613354","-0.0138206603455187","0.00181756641442428","3.62354319511697","0.0571115661405521"
"461","predacious","adult","Great Channel South, Gulf of Maine, New England","12.5263754272109","0.357253501132582","0.197889961568321","5.42765823379468","0.0293962572369465"
"462","predacious","adult","Great South Bay, Long Island, New York","NA","NA","NA","NA","NA"
"463","predacious","adult","Greenland","NA","NA","NA","NA","NA"
"464","predacious","adult","Gulf of Alaska","NA","NA","NA","NA","NA"
"465","predacious","adult","Gulf of Maine, New England","NA","NA","NA","NA","NA"
"466","predacious","adult","Jeffreys Ledge, Gulf of Maine, New England","11.7555841576777","-0.0283090245871117","0.00621738162868263","0.218969775664344","0.642726920235099"
"467","predacious","adult","Mid Atlantic","3.76625484911866","0.358208680187524","0.657742185314355","69.1838656571366","6.6732870735388e-10"
"468","predacious","adult","NE North Sea and Skaggerak","NA","NA","NA","NA","NA"
"469","predacious","adult","Off the Bay of Biscay","10.4197372146788","0.203506978120733","0.0873452550974306","45.0768654638197","5.46572575916836e-11"
"470","predacious","adult","Oxwich Bay, Wales","NA","NA","NA","NA","NA"
"471","predacious","adult","South of Marthas Vineyard, New England","10.1808028012821","0.0583894765003333","0.00265210461319652","0.0717972383433311","0.790774221951632"
"472","predacious","adult","Stellwagen Bank, Gulf of Maine, New England","12.6221600511456","0.182768954519519","0.206194400151178","1.29877138804795","0.306072332500695"
"473","predacious","adult","Strait of Georgia","NA","NA","NA","NA","NA"
"474","predacious","adult","W Greenland","NA","NA","NA","NA","NA"
"475","predacious","adult","Western North Pacific","NA","NA","NA","NA","NA"
"476","predacious","juvenile","Andaman Sea (West of South Thailand)","NA","NA","NA","NA","NA"
"477","predacious","juvenile","Antarctic Peninsula","NA","NA","NA","NA","NA"
"478","predacious","juvenile","Apalachicola Bay, Florida","NA","NA","NA","NA","NA"
"479","predacious","juvenile","Atlantic Ocean","NA","NA","NA","NA","NA"
"480","predacious","juvenile","Cape Cod Bay, Gulf of Maine, New England","NA","NA","NA","NA","NA"
"481","predacious","juvenile","Catalan Sea","NA","NA","NA","NA","NA"
"482","predacious","juvenile","Crooked Island Sound, Florida","NA","NA","NA","NA","NA"
"483","predacious","juvenile","Eastern Mediterranean","NA","NA","NA","NA","NA"
"484","predacious","juvenile","Europe, Celtic Sea ecosystem","NA","NA","NA","NA","NA"
"485","predacious","juvenile","French Polynesian EEZ","NA","NA","NA","NA","NA"
"486","predacious","juvenile","Great Channel South, Gulf of Maine, New England","NA","NA","NA","NA","NA"
"487","predacious","juvenile","Great South Bay, Long Island, New York","NA","NA","NA","NA","NA"
"488","predacious","juvenile","Greenland","NA","NA","NA","NA","NA"
"489","predacious","juvenile","Gulf of Alaska","0.951822279780522","0.0397576284666678","0.240623932316181","12.9916936348212","0.000839430679453018"
"490","predacious","juvenile","Gulf of Maine, New England","NA","NA","NA","NA","NA"
"491","predacious","juvenile","Jeffreys Ledge, Gulf of Maine, New England","NA","NA","NA","NA","NA"
"492","predacious","juvenile","Mid Atlantic","NA","NA","NA","NA","NA"
"493","predacious","juvenile","NE North Sea and Skaggerak","NA","NA","NA","NA","NA"
"494","predacious","juvenile","Off the Bay of Biscay","8.62335338724469","7.45851832490177e-16","0.500138266010441","600.331930214392","0.488887342396176"
"495","predacious","juvenile","Oxwich Bay, Wales","-0.594631029295351","0.0778070237368163","0.0805459740919785","115.021372469739","8.77947893508722e-26"
"496","predacious","juvenile","South of Marthas Vineyard, New England","NA","NA","NA","NA","NA"
"497","predacious","juvenile","Stellwagen Bank, Gulf of Maine, New England","NA","NA","NA","NA","NA"
"498","predacious","juvenile","Strait of Georgia","NA","NA","NA","NA","NA"
"499","predacious","juvenile","W Greenland","-1.7994463105477","0.0432429593286009","0.148366503387041","24.3899641768384","2.20823681054519e-06"
"500","predacious","juvenile","Western North Pacific","NA","NA","NA","NA","NA"
"501","predacious","larva","Andaman Sea (West of South Thailand)","7.00529694337676","0.941421745921814","0.412420670135113","22.4607312979481","4.23336436449331e-05"
"502","predacious","larva","Antarctic Peninsula","7.41883913802823","0.724801160896602","0.637066906559136","1662.29636099526","1.22794430266837e-210"
"503","predacious","larva","Apalachicola Bay, Florida","NA","NA","NA","NA","NA"
"504","predacious","larva","Atlantic Ocean","NA","NA","NA","NA","NA"
"505","predacious","larva","Cape Cod Bay, Gulf of Maine, New England","NA","NA","NA","NA","NA"
"506","predacious","larva","Catalan Sea","NA","NA","NA","NA","NA"
"507","predacious","larva","Crooked Island Sound, Florida","NA","NA","NA","NA","NA"
"508","predacious","larva","Eastern Mediterranean","NA","NA","NA","NA","NA"
"509","predacious","larva","Europe, Celtic Sea ecosystem","NA","NA","NA","NA","NA"
"510","predacious","larva","French Polynesian EEZ","NA","NA","NA","NA","NA"
"511","predacious","larva","Great Channel South, Gulf of Maine, New England","NA","NA","NA","NA","NA"
"512","predacious","larva","Great South Bay, Long Island, New York","NA","NA","NA","NA","NA"
"513","predacious","larva","Greenland","NA","NA","NA","NA","NA"
"514","predacious","larva","Gulf of Alaska","NA","NA","NA","NA","NA"
"515","predacious","larva","Gulf of Maine, New England","NA","NA","NA","NA","NA"
"516","predacious","larva","Jeffreys Ledge, Gulf of Maine, New England","NA","NA","NA","NA","NA"
"517","predacious","larva","Mid Atlantic","NA","NA","NA","NA","NA"
"518","predacious","larva","NE North Sea and Skaggerak","NA","NA","NA","NA","NA"
"519","predacious","larva","Off the Bay of Biscay","NA","NA","NA","NA","NA"
"520","predacious","larva","Oxwich Bay, Wales","NA","NA","NA","NA","NA"
"521","predacious","larva","South of Marthas Vineyard, New England","NA","NA","NA","NA","NA"
"522","predacious","larva","Stellwagen Bank, Gulf of Maine, New England","NA","NA","NA","NA","NA"
"523","predacious","larva","Strait of Georgia","NA","NA","NA","NA","NA"
"524","predacious","larva","W Greenland","NA","NA","NA","NA","NA"
"525","predacious","larva","Western North Pacific","-2.66286554355492","0.150488902922313","0.146191921213292","38.8677115383766","2.18738751251497e-09"
"526","predacious","larva / juvenile","Andaman Sea (West of South Thailand)","NA","NA","NA","NA","NA"
"527","predacious","larva / juvenile","Antarctic Peninsula","NA","NA","NA","NA","NA"
"528","predacious","larva / juvenile","Apalachicola Bay, Florida","NA","NA","NA","NA","NA"
"529","predacious","larva / juvenile","Atlantic Ocean","NA","NA","NA","NA","NA"
"530","predacious","larva / juvenile","Cape Cod Bay, Gulf of Maine, New England","NA","NA","NA","NA","NA"
"531","predacious","larva / juvenile","Catalan Sea","NA","NA","NA","NA","NA"
"532","predacious","larva / juvenile","Crooked Island Sound, Florida","NA","NA","NA","NA","NA"
"533","predacious","larva / juvenile","Eastern Mediterranean","NA","NA","NA","NA","NA"
"534","predacious","larva / juvenile","Europe, Celtic Sea ecosystem","NA","NA","NA","NA","NA"
"535","predacious","larva / juvenile","French Polynesian EEZ","NA","NA","NA","NA","NA"
"536","predacious","larva / juvenile","Great Channel South, Gulf of Maine, New England","NA","NA","NA","NA","NA"
"537","predacious","larva / juvenile","Great South Bay, Long Island, New York","NA","NA","NA","NA","NA"
"538","predacious","larva / juvenile","Greenland","NA","NA","NA","NA","NA"
"539","predacious","larva / juvenile","Gulf of Alaska","NA","NA","NA","NA","NA"
"540","predacious","larva / juvenile","Gulf of Maine, New England","NA","NA","NA","NA","NA"
"541","predacious","larva / juvenile","Jeffreys Ledge, Gulf of Maine, New England","NA","NA","NA","NA","NA"
"542","predacious","larva / juvenile","Mid Atlantic","NA","NA","NA","NA","NA"
"543","predacious","larva / juvenile","NE North Sea and Skaggerak","10.4119448445479","1.09890063283713","0.715421579592819","47.7654278662958","1.36957984453215e-06"
"544","predacious","larva / juvenile","Off the Bay of Biscay","NA","NA","NA","NA","NA"
"545","predacious","larva / juvenile","Oxwich Bay, Wales","NA","NA","NA","NA","NA"
"546","predacious","larva / juvenile","South of Marthas Vineyard, New England","NA","NA","NA","NA","NA"
"547","predacious","larva / juvenile","Stellwagen Bank, Gulf of Maine, New England","NA","NA","NA","NA","NA"
"548","predacious","larva / juvenile","Strait of Georgia","3.58794771931324","0.510273652134306","0.422183530433424","339.023147381122","3.08809542053746e-57"
"549","predacious","larva / juvenile","W Greenland","NA","NA","NA","NA","NA"
"550","predacious","larva / juvenile","Western North Pacific","NA","NA","NA","NA","NA"
"551","predacious","postlarva","Andaman Sea (West of South Thailand)","NA","NA","NA","NA","NA"
"552","predacious","postlarva","Antarctic Peninsula","-1.61375195212254","0.15403834606651","0.109207422360888","8.58170550266892","0.00458060708606845"
"553","predacious","postlarva","Apalachicola Bay, Florida","NA","NA","NA","NA","NA"
"554","predacious","postlarva","Atlantic Ocean","NA","NA","NA","NA","NA"
"555","predacious","postlarva","Cape Cod Bay, Gulf of Maine, New England","NA","NA","NA","NA","NA"
"556","predacious","postlarva","Catalan Sea","NA","NA","NA","NA","NA"
"557","predacious","postlarva","Crooked Island Sound, Florida","NA","NA","NA","NA","NA"
"558","predacious","postlarva","Eastern Mediterranean","NA","NA","NA","NA","NA"
"559","predacious","postlarva","Europe, Celtic Sea ecosystem","NA","NA","NA","NA","NA"
"560","predacious","postlarva","French Polynesian EEZ","NA","NA","NA","NA","NA"
"561","predacious","postlarva","Great Channel South, Gulf of Maine, New England","NA","NA","NA","NA","NA"
"562","predacious","postlarva","Great South Bay, Long Island, New York","NA","NA","NA","NA","NA"
"563","predacious","postlarva","Greenland","NA","NA","NA","NA","NA"
"564","predacious","postlarva","Gulf of Alaska","NA","NA","NA","NA","NA"
"565","predacious","postlarva","Gulf of Maine, New England","NA","NA","NA","NA","NA"
"566","predacious","postlarva","Jeffreys Ledge, Gulf of Maine, New England","NA","NA","NA","NA","NA"
"567","predacious","postlarva","Mid Atlantic","NA","NA","NA","NA","NA"
"568","predacious","postlarva","NE North Sea and Skaggerak","NA","NA","NA","NA","NA"
"569","predacious","postlarva","Off the Bay of Biscay","NA","NA","NA","NA","NA"
"570","predacious","postlarva","Oxwich Bay, Wales","NA","NA","NA","NA","NA"
"571","predacious","postlarva","South of Marthas Vineyard, New England","NA","NA","NA","NA","NA"
"572","predacious","postlarva","Stellwagen Bank, Gulf of Maine, New England","NA","NA","NA","NA","NA"
"573","predacious","postlarva","Strait of Georgia","NA","NA","NA","NA","NA"
"574","predacious","postlarva","W Greenland","NA","NA","NA","NA","NA"
"575","predacious","postlarva","Western North Pacific","NA","NA","NA","NA","NA"
"576","predacious","postlarva/juvenile","Andaman Sea (West of South Thailand)","NA","NA","NA","NA","NA"
"577","predacious","postlarva/juvenile","Antarctic Peninsula","1.6671459067788","0.21164969664339","0.14416882005629","99.0513879135297","1.13623625843033e-21"
"578","predacious","postlarva/juvenile","Apalachicola Bay, Florida","NA","NA","NA","NA","NA"
"579","predacious","postlarva/juvenile","Atlantic Ocean","NA","NA","NA","NA","NA"
"580","predacious","postlarva/juvenile","Cape Cod Bay, Gulf of Maine, New England","NA","NA","NA","NA","NA"
"581","predacious","postlarva/juvenile","Catalan Sea","NA","NA","NA","NA","NA"
"582","predacious","postlarva/juvenile","Crooked Island Sound, Florida","NA","NA","NA","NA","NA"
"583","predacious","postlarva/juvenile","Eastern Mediterranean","NA","NA","NA","NA","NA"
"584","predacious","postlarva/juvenile","Europe, Celtic Sea ecosystem","NA","NA","NA","NA","NA"
"585","predacious","postlarva/juvenile","French Polynesian EEZ","NA","NA","NA","NA","NA"
"586","predacious","postlarva/juvenile","Great Channel South, Gulf of Maine, New England","NA","NA","NA","NA","NA"
"587","predacious","postlarva/juvenile","Great South Bay, Long Island, New York","NA","NA","NA","NA","NA"
"588","predacious","postlarva/juvenile","Greenland","NA","NA","NA","NA","NA"
"589","predacious","postlarva/juvenile","Gulf of Alaska","NA","NA","NA","NA","NA"
"590","predacious","postlarva/juvenile","Gulf of Maine, New England","NA","NA","NA","NA","NA"
"591","predacious","postlarva/juvenile","Jeffreys Ledge, Gulf of Maine, New England","NA","NA","NA","NA","NA"
"592","predacious","postlarva/juvenile","Mid Atlantic","NA","NA","NA","NA","NA"
"593","predacious","postlarva/juvenile","NE North Sea and Skaggerak","NA","NA","NA","NA","NA"
"594","predacious","postlarva/juvenile","Off the Bay of Biscay","NA","NA","NA","NA","NA"
"595","predacious","postlarva/juvenile","Oxwich Bay, Wales","NA","NA","NA","NA","NA"
"596","predacious","postlarva/juvenile","South of Marthas Vineyard, New England","NA","NA","NA","NA","NA"
"597","predacious","postlarva/juvenile","Stellwagen Bank, Gulf of Maine, New England","NA","NA","NA","NA","NA"
"598","predacious","postlarva/juvenile","Strait of Georgia","NA","NA","NA","NA","NA"
"599","predacious","postlarva/juvenile","W Greenland","NA","NA","NA","NA","NA"
"600","predacious","postlarva/juvenile","Western North Pacific","NA","NA","NA","NA","NA"
"601","predacious/piscivorous","adult","Andaman Sea (West of South Thailand)","NA","NA","NA","NA","NA"
"602","predacious/piscivorous","adult","Antarctic Peninsula","NA","NA","NA","NA","NA"
"603","predacious/piscivorous","adult","Apalachicola Bay, Florida","4.72504035144858","0.621895377669317","0.384283752048305","34.9509862477974","2.11324894527802e-07"
"604","predacious/piscivorous","adult","Atlantic Ocean","NA","NA","NA","NA","NA"
"605","predacious/piscivorous","adult","Cape Cod Bay, Gulf of Maine, New England","NA","NA","NA","NA","NA"
"606","predacious/piscivorous","adult","Catalan Sea","NA","NA","NA","NA","NA"
"607","predacious/piscivorous","adult","Crooked Island Sound, Florida","4.79484784084579","0.50644882649248","0.293713022751524","42.0013624114544","3.37813443070404e-09"
"608","predacious/piscivorous","adult","Eastern Mediterranean","NA","NA","NA","NA","NA"
"609","predacious/piscivorous","adult","Europe, Celtic Sea ecosystem","NA","NA","NA","NA","NA"
"610","predacious/piscivorous","adult","French Polynesian EEZ","NA","NA","NA","NA","NA"
"611","predacious/piscivorous","adult","Great Channel South, Gulf of Maine, New England","NA","NA","NA","NA","NA"
"612","predacious/piscivorous","adult","Great South Bay, Long Island, New York","NA","NA","NA","NA","NA"
"613","predacious/piscivorous","adult","Greenland","NA","NA","NA","NA","NA"
"614","predacious/piscivorous","adult","Gulf of Alaska","NA","NA","NA","NA","NA"
"615","predacious/piscivorous","adult","Gulf of Maine, New England","NA","NA","NA","NA","NA"
"616","predacious/piscivorous","adult","Jeffreys Ledge, Gulf of Maine, New England","NA","NA","NA","NA","NA"
"617","predacious/piscivorous","adult","Mid Atlantic","NA","NA","NA","NA","NA"
"618","predacious/piscivorous","adult","NE North Sea and Skaggerak","NA","NA","NA","NA","NA"
"619","predacious/piscivorous","adult","Off the Bay of Biscay","NA","NA","NA","NA","NA"
"620","predacious/piscivorous","adult","Oxwich Bay, Wales","NA","NA","NA","NA","NA"
"621","predacious/piscivorous","adult","South of Marthas Vineyard, New England","NA","NA","NA","NA","NA"
"622","predacious/piscivorous","adult","Stellwagen Bank, Gulf of Maine, New England","NA","NA","NA","NA","NA"
"623","predacious/piscivorous","adult","Strait of Georgia","NA","NA","NA","NA","NA"
"624","predacious/piscivorous","adult","W Greenland","NA","NA","NA","NA","NA"
"625","predacious/piscivorous","adult","Western North Pacific","NA","NA","NA","NA","NA"
"626","predacious/piscivorous","juvenile","Andaman Sea (West of South Thailand)","NA","NA","NA","NA","NA"
"627","predacious/piscivorous","juvenile","Antarctic Peninsula","NA","NA","NA","NA","NA"
"628","predacious/piscivorous","juvenile","Apalachicola Bay, Florida","NA","NA","NA","NA","NA"
"629","predacious/piscivorous","juvenile","Atlantic Ocean","NA","NA","NA","NA","NA"
"630","predacious/piscivorous","juvenile","Cape Cod Bay, Gulf of Maine, New England","NA","NA","NA","NA","NA"
"631","predacious/piscivorous","juvenile","Catalan Sea","NA","NA","NA","NA","NA"
"632","predacious/piscivorous","juvenile","Crooked Island Sound, Florida","NA","NA","NA","NA","NA"
"633","predacious/piscivorous","juvenile","Eastern Mediterranean","NA","NA","NA","NA","NA"
"634","predacious/piscivorous","juvenile","Europe, Celtic Sea ecosystem","NA","NA","NA","NA","NA"
"635","predacious/piscivorous","juvenile","French Polynesian EEZ","NA","NA","NA","NA","NA"
"636","predacious/piscivorous","juvenile","Great Channel South, Gulf of Maine, New England","NA","NA","NA","NA","NA"
"637","predacious/piscivorous","juvenile","Great South Bay, Long Island, New York","NA","NA","NA","NA","NA"
"638","predacious/piscivorous","juvenile","Greenland","NA","NA","NA","NA","NA"
"639","predacious/piscivorous","juvenile","Gulf of Alaska","NA","NA","NA","NA","NA"
"640","predacious/piscivorous","juvenile","Gulf of Maine, New England","NA","NA","NA","NA","NA"
"641","predacious/piscivorous","juvenile","Jeffreys Ledge, Gulf of Maine, New England","NA","NA","NA","NA","NA"
"642","predacious/piscivorous","juvenile","Mid Atlantic","NA","NA","NA","NA","NA"
"643","predacious/piscivorous","juvenile","NE North Sea and Skaggerak","NA","NA","NA","NA","NA"
"644","predacious/piscivorous","juvenile","Off the Bay of Biscay","NA","NA","NA","NA","NA"
"645","predacious/piscivorous","juvenile","Oxwich Bay, Wales","NA","NA","NA","NA","NA"
"646","predacious/piscivorous","juvenile","South of Marthas Vineyard, New England","NA","NA","NA","NA","NA"
"647","predacious/piscivorous","juvenile","Stellwagen Bank, Gulf of Maine, New England","NA","NA","NA","NA","NA"
"648","predacious/piscivorous","juvenile","Strait of Georgia","NA","NA","NA","NA","NA"
"649","predacious/piscivorous","juvenile","W Greenland","NA","NA","NA","NA","NA"
"650","predacious/piscivorous","juvenile","Western North Pacific","NA","NA","NA","NA","NA"
"651","predacious/piscivorous","larva","Andaman Sea (West of South Thailand)","NA","NA","NA","NA","NA"
"652","predacious/piscivorous","larva","Antarctic Peninsula","NA","NA","NA","NA","NA"
"653","predacious/piscivorous","larva","Apalachicola Bay, Florida","NA","NA","NA","NA","NA"
"654","predacious/piscivorous","larva","Atlantic Ocean","NA","NA","NA","NA","NA"
"655","predacious/piscivorous","larva","Cape Cod Bay, Gulf of Maine, New England","NA","NA","NA","NA","NA"
"656","predacious/piscivorous","larva","Catalan Sea","NA","NA","NA","NA","NA"
"657","predacious/piscivorous","larva","Crooked Island Sound, Florida","NA","NA","NA","NA","NA"
"658","predacious/piscivorous","larva","Eastern Mediterranean","NA","NA","NA","NA","NA"
"659","predacious/piscivorous","larva","Europe, Celtic Sea ecosystem","NA","NA","NA","NA","NA"
"660","predacious/piscivorous","larva","French Polynesian EEZ","NA","NA","NA","NA","NA"
"661","predacious/piscivorous","larva","Great Channel South, Gulf of Maine, New England","NA","NA","NA","NA","NA"
"662","predacious/piscivorous","larva","Great South Bay, Long Island, New York","NA","NA","NA","NA","NA"
"663","predacious/piscivorous","larva","Greenland","NA","NA","NA","NA","NA"
"664","predacious/piscivorous","larva","Gulf of Alaska","NA","NA","NA","NA","NA"
"665","predacious/piscivorous","larva","Gulf of Maine, New England","NA","NA","NA","NA","NA"
"666","predacious/piscivorous","larva","Jeffreys Ledge, Gulf of Maine, New England","NA","NA","NA","NA","NA"
"667","predacious/piscivorous","larva","Mid Atlantic","NA","NA","NA","NA","NA"
"668","predacious/piscivorous","larva","NE North Sea and Skaggerak","NA","NA","NA","NA","NA"
"669","predacious/piscivorous","larva","Off the Bay of Biscay","NA","NA","NA","NA","NA"
"670","predacious/piscivorous","larva","Oxwich Bay, Wales","NA","NA","NA","NA","NA"
"671","predacious/piscivorous","larva","South of Marthas Vineyard, New England","NA","NA","NA","NA","NA"
"672","predacious/piscivorous","larva","Stellwagen Bank, Gulf of Maine, New England","NA","NA","NA","NA","NA"
"673","predacious/piscivorous","larva","Strait of Georgia","NA","NA","NA","NA","NA"
"674","predacious/piscivorous","larva","W Greenland","NA","NA","NA","NA","NA"
"675","predacious/piscivorous","larva","Western North Pacific","NA","NA","NA","NA","NA"
"676","predacious/piscivorous","larva / juvenile","Andaman Sea (West of South Thailand)","NA","NA","NA","NA","NA"
"677","predacious/piscivorous","larva / juvenile","Antarctic Peninsula","NA","NA","NA","NA","NA"
"678","predacious/piscivorous","larva / juvenile","Apalachicola Bay, Florida","NA","NA","NA","NA","NA"
"679","predacious/piscivorous","larva / juvenile","Atlantic Ocean","NA","NA","NA","NA","NA"
"680","predacious/piscivorous","larva / juvenile","Cape Cod Bay, Gulf of Maine, New England","NA","NA","NA","NA","NA"
"681","predacious/piscivorous","larva / juvenile","Catalan Sea","NA","NA","NA","NA","NA"
"682","predacious/piscivorous","larva / juvenile","Crooked Island Sound, Florida","NA","NA","NA","NA","NA"
"683","predacious/piscivorous","larva / juvenile","Eastern Mediterranean","NA","NA","NA","NA","NA"
"684","predacious/piscivorous","larva / juvenile","Europe, Celtic Sea ecosystem","NA","NA","NA","NA","NA"
"685","predacious/piscivorous","larva / juvenile","French Polynesian EEZ","NA","NA","NA","NA","NA"
"686","predacious/piscivorous","larva / juvenile","Great Channel South, Gulf of Maine, New England","NA","NA","NA","NA","NA"
"687","predacious/piscivorous","larva / juvenile","Great South Bay, Long Island, New York","NA","NA","NA","NA","NA"
"688","predacious/piscivorous","larva / juvenile","Greenland","NA","NA","NA","NA","NA"
"689","predacious/piscivorous","larva / juvenile","Gulf of Alaska","NA","NA","NA","NA","NA"
"690","predacious/piscivorous","larva / juvenile","Gulf of Maine, New England","NA","NA","NA","NA","NA"
"691","predacious/piscivorous","larva / juvenile","Jeffreys Ledge, Gulf of Maine, New England","NA","NA","NA","NA","NA"
"692","predacious/piscivorous","larva / juvenile","Mid Atlantic","NA","NA","NA","NA","NA"
"693","predacious/piscivorous","larva / juvenile","NE North Sea and Skaggerak","NA","NA","NA","NA","NA"
"694","predacious/piscivorous","larva / juvenile","Off the Bay of Biscay","NA","NA","NA","NA","NA"
"695","predacious/piscivorous","larva / juvenile","Oxwich Bay, Wales","NA","NA","NA","NA","NA"
"696","predacious/piscivorous","larva / juvenile","South of Marthas Vineyard, New England","NA","NA","NA","NA","NA"
"697","predacious/piscivorous","larva / juvenile","Stellwagen Bank, Gulf of Maine, New England","NA","NA","NA","NA","NA"
"698","predacious/piscivorous","larva / juvenile","Strait of Georgia","NA","NA","NA","NA","NA"
"699","predacious/piscivorous","larva / juvenile","W Greenland","NA","NA","NA","NA","NA"
"700","predacious/piscivorous","larva / juvenile","Western North Pacific","NA","NA","NA","NA","NA"
"701","predacious/piscivorous","postlarva","Andaman Sea (West of South Thailand)","NA","NA","NA","NA","NA"
"702","predacious/piscivorous","postlarva","Antarctic Peninsula","NA","NA","NA","NA","NA"
"703","predacious/piscivorous","postlarva","Apalachicola Bay, Florida","NA","NA","NA","NA","NA"
"704","predacious/piscivorous","postlarva","Atlantic Ocean","NA","NA","NA","NA","NA"
"705","predacious/piscivorous","postlarva","Cape Cod Bay, Gulf of Maine, New England","NA","NA","NA","NA","NA"
"706","predacious/piscivorous","postlarva","Catalan Sea","NA","NA","NA","NA","NA"
"707","predacious/piscivorous","postlarva","Crooked Island Sound, Florida","NA","NA","NA","NA","NA"
"708","predacious/piscivorous","postlarva","Eastern Mediterranean","NA","NA","NA","NA","NA"
"709","predacious/piscivorous","postlarva","Europe, Celtic Sea ecosystem","NA","NA","NA","NA","NA"
"710","predacious/piscivorous","postlarva","French Polynesian EEZ","NA","NA","NA","NA","NA"
"711","predacious/piscivorous","postlarva","Great Channel South, Gulf of Maine, New England","NA","NA","NA","NA","NA"
"712","predacious/piscivorous","postlarva","Great South Bay, Long Island, New York","NA","NA","NA","NA","NA"
"713","predacious/piscivorous","postlarva","Greenland","NA","NA","NA","NA","NA"
"714","predacious/piscivorous","postlarva","Gulf of Alaska","NA","NA","NA","NA","NA"
"715","predacious/piscivorous","postlarva","Gulf of Maine, New England","NA","NA","NA","NA","NA"
"716","predacious/piscivorous","postlarva","Jeffreys Ledge, Gulf of Maine, New England","NA","NA","NA","NA","NA"
"717","predacious/piscivorous","postlarva","Mid Atlantic","NA","NA","NA","NA","NA"
"718","predacious/piscivorous","postlarva","NE North Sea and Skaggerak","NA","NA","NA","NA","NA"
"719","predacious/piscivorous","postlarva","Off the Bay of Biscay","NA","NA","NA","NA","NA"
"720","predacious/piscivorous","postlarva","Oxwich Bay, Wales","NA","NA","NA","NA","NA"
"721","predacious/piscivorous","postlarva","South of Marthas Vineyard, New England","NA","NA","NA","NA","NA"
"722","predacious/piscivorous","postlarva","Stellwagen Bank, Gulf of Maine, New England","NA","NA","NA","NA","NA"
"723","predacious/piscivorous","postlarva","Strait of Georgia","NA","NA","NA","NA","NA"
"724","predacious/piscivorous","postlarva","W Greenland","NA","NA","NA","NA","NA"
"725","predacious/piscivorous","postlarva","Western North Pacific","NA","NA","NA","NA","NA"
"726","predacious/piscivorous","postlarva/juvenile","Andaman Sea (West of South Thailand)","NA","NA","NA","NA","NA"
"727","predacious/piscivorous","postlarva/juvenile","Antarctic Peninsula","NA","NA","NA","NA","NA"
"728","predacious/piscivorous","postlarva/juvenile","Apalachicola Bay, Florida","NA","NA","NA","NA","NA"
"729","predacious/piscivorous","postlarva/juvenile","Atlantic Ocean","NA","NA","NA","NA","NA"
"730","predacious/piscivorous","postlarva/juvenile","Cape Cod Bay, Gulf of Maine, New England","NA","NA","NA","NA","NA"
"731","predacious/piscivorous","postlarva/juvenile","Catalan Sea","NA","NA","NA","NA","NA"
"732","predacious/piscivorous","postlarva/juvenile","Crooked Island Sound, Florida","NA","NA","NA","NA","NA"
"733","predacious/piscivorous","postlarva/juvenile","Eastern Mediterranean","NA","NA","NA","NA","NA"
"734","predacious/piscivorous","postlarva/juvenile","Europe, Celtic Sea ecosystem","NA","NA","NA","NA","NA"
"735","predacious/piscivorous","postlarva/juvenile","French Polynesian EEZ","NA","NA","NA","NA","NA"
"736","predacious/piscivorous","postlarva/juvenile","Great Channel South, Gulf of Maine, New England","NA","NA","NA","NA","NA"
"737","predacious/piscivorous","postlarva/juvenile","Great South Bay, Long Island, New York","NA","NA","NA","NA","NA"
"738","predacious/piscivorous","postlarva/juvenile","Greenland","NA","NA","NA","NA","NA"
"739","predacious/piscivorous","postlarva/juvenile","Gulf of Alaska","NA","NA","NA","NA","NA"
"740","predacious/piscivorous","postlarva/juvenile","Gulf of Maine, New England","NA","NA","NA","NA","NA"
"741","predacious/piscivorous","postlarva/juvenile","Jeffreys Ledge, Gulf of Maine, New England","NA","NA","NA","NA","NA"
"742","predacious/piscivorous","postlarva/juvenile","Mid Atlantic","NA","NA","NA","NA","NA"
"743","predacious/piscivorous","postlarva/juvenile","NE North Sea and Skaggerak","NA","NA","NA","NA","NA"
"744","predacious/piscivorous","postlarva/juvenile","Off the Bay of Biscay","NA","NA","NA","NA","NA"
"745","predacious/piscivorous","postlarva/juvenile","Oxwich Bay, Wales","NA","NA","NA","NA","NA"
"746","predacious/piscivorous","postlarva/juvenile","South of Marthas Vineyard, New England","NA","NA","NA","NA","NA"
"747","predacious/piscivorous","postlarva/juvenile","Stellwagen Bank, Gulf of Maine, New England","NA","NA","NA","NA","NA"
"748","predacious/piscivorous","postlarva/juvenile","Strait of Georgia","NA","NA","NA","NA","NA"
"749","predacious/piscivorous","postlarva/juvenile","W Greenland","NA","NA","NA","NA","NA"
"750","predacious/piscivorous","postlarva/juvenile","Western North Pacific","NA","NA","NA","NA","NA"
